店铺,商品,价格,图片
安佳牛奶京东自营旗舰店,新西兰原装进口牛奶 安佳Anchor全脂牛奶UHT纯牛奶250ml*24 整箱装,¥89.00,//img13.360buyimg.com/n7/jfs/t3940/252/1200320664/512176/ab850a69/586b74afN5939fab5.jpg
纽仕兰（Theland）京东自营旗舰店,新西兰进口牛奶 纽仕兰 3.5g蛋白质全脂牛奶 250ml*24整箱装纯牛奶,¥69.00,//img12.360buyimg.com/n7/jfs/t3526/295/888755633/189982/16ea21b4/5816dce5N70820f42.jpg
欧德堡牛奶京东自营旗舰店,德国DMK进口牛奶  欧德堡（Oldenburger）超高温处理全脂纯牛奶200ml*24盒,¥61.90,//img11.360buyimg.com/n7/jfs/t17572/122/2507590745/315388/b25098d6/5af8f2dbN57a92e01.jpg
安佳牛奶京东自营旗舰店,新西兰原装进口儿童牛奶 安佳（Anchor）金装儿童牛奶 调制乳 190ml*27 整箱装,¥89.00,//img12.360buyimg.com/n7/jfs/t4096/158/1151316360/351027/2a5b8868/586b746aN24203ea2.jpg
爱氏晨曦Arla京东自营旗舰店,德国 进口牛奶 Arla爱氏晨曦 全脂牛奶 200ml*24 整箱装,¥65.00,//img14.360buyimg.com/n7/jfs/t1/31997/10/4352/111734/5c7cbd1aE5a454f2c/963190b232ae6c8e.jpg
安佳牛奶京东自营旗舰店,新西兰原装进口牛奶 安佳Anchor全脂牛奶UHT纯牛奶1L*12 整箱装,¥139.00,//img11.360buyimg.com/n7/jfs/t7660/279/3978144981/234782/4f4babd9/5a02cca0N7bb47989.jpg
德亚牛奶京东自营旗舰店,德国原装进口牛奶 德亚（Weidendorf）全脂纯牛奶 200ml*30盒 整箱装（新老包装随机发货）,¥69.90,//img14.360buyimg.com/n7/jfs/t23464/85/841467916/273987/4a02a3ad/5b44150eN15f67ca3.jpg
欧德堡牛奶京东自营旗舰店,德国DMK进口牛奶  欧德堡（Oldenburger）超高温处理全脂纯牛奶1L*12盒,¥138.00,//img13.360buyimg.com/n7/jfs/t19576/221/2486287277/327475/e7b32d6f/5af8f33eN75c72c3c.jpg
欧德堡牛奶京东自营旗舰店,德国DMK进口牛奶  欧德堡（Oldenburger）超高温处理脱脂牛奶200ml*24盒,¥59.00,//img10.360buyimg.com/n7/jfs/t22018/360/64699926/310855/d711c715/5af8f30bNdd8ab8ff.jpg
爱氏晨曦Arla京东自营旗舰店,德国 进口牛奶 Arla爱氏晨曦 脱脂牛奶 200ml*24 整箱装 爱氏小粉奶,¥65.00,//img12.360buyimg.com/n7/jfs/t1/18720/1/9203/103108/5c7cbcfaE9db63228/0c7a12bdfafb2156.jpg
德亚牛奶京东自营旗舰店,德国原装进口酸奶 德亚（Weidendorf）常温原味酸牛奶200ml*24盒 整箱装,¥95.00,//img13.360buyimg.com/n7/jfs/t24487/45/814928110/358217/cd66f66f/5b441393Nf8119d8c.jpg
德运（Devondale）京东自营旗舰店,澳大利亚 进口牛奶 德运（Devondale） 全脂牛奶 1L*10 整箱装,¥109.00,//img11.360buyimg.com/n7/jfs/t16621/175/688525604/194501/c26b153e/5aa1fc94Ndea68796.jpg
德亚牛奶京东自营旗舰店,德国进口牛奶 德亚（Weidendorf）脱脂 200ml*30,¥76.00,//img14.360buyimg.com/n7/jfs/t24292/90/819904961/260709/f0f14bd8/5b4413b9N01c40638.jpg
纽仕兰（Theland）京东自营旗舰店,新西兰进口牛奶 纽仕兰 3.5g蛋白质部分脱脂牛奶 250ml*24 整箱装纯牛奶,¥69.00,//img11.360buyimg.com/n7/jfs/t3484/155/885645398/583460/f2632d90/5816e47bN92cc0421.jpg
纽仕兰（Theland）京东自营旗舰店,新西兰进口牛奶 纽仕兰 4.0g蛋白质全脂牛奶 250ml*24 钻石版整箱装纯牛奶,¥109.00,//img13.360buyimg.com/n7/jfs/t20416/105/371011392/273288/113e54a3/5b0b702bNb5256ee2.jpg
德运（Devondale）京东自营旗舰店,澳大利亚 进口牛奶 德运（Devondale）脱脂牛奶 1L*10 整箱装,¥99.00,//img13.360buyimg.com/n7/jfs/t15433/304/2125219883/195447/b5eb6cde/5aa1fca7N82f557db.jpg
德运（Devondale）京东自营旗舰店,澳大利亚 进口牛奶 德运 （Devondale ）脱脂牛奶200ml*24整箱装,¥79.00,//img11.360buyimg.com/n7/jfs/t21571/254/1385331533/205436/d5ba03eb/5b2789b2N59a62d79.jpg
山姆会员商店京东自营官方旗舰店,牧牌（MUH） 德国进口牛奶200ml*27盒 牧牌全脂纯牛奶 健康早餐奶 整箱,¥95.76¥79.80,//img14.360buyimg.com/n7/jfs/t1/6141/31/10011/76118/5c18d27eEd36f7ae4/d47a12576421abfc.jpg
多美鲜京东自营旗舰店,德国原装进口 多美鲜（SUKI）酸奶 200ml*12  整箱装（原味常温酸牛奶）,¥49.00,//img13.360buyimg.com/n7/jfs/t8107/276/296135406/257010/4c18140f/59a52ab6Ne0236689.jpg
兰雀牛奶京东自营旗舰店,兰雀Lacheer 波兰原装进口 唯鲜系列全脂纯牛奶1L*12整箱装,¥99.00,//img10.360buyimg.com/n7/jfs/t1/25830/1/12723/90840/5c99e2d8E269d2ba0/7052361d2606c7ea.jpg
中粮我买网京东自营旗舰店,中粮 上质SUNSIDES 欧诺鲜进口脱脂牛奶 200mL*24（德国原装进口）,¥59.00,//img10.360buyimg.com/n7/jfs/t18082/51/662111772/261326/37a6968a/5a9e3526N6c9d50cb.jpg
纽麦福京东自营旗舰店,新西兰进口牛奶 纽麦福3.5g蛋白质全脂牛奶 250ml*24盒 整箱装纯牛奶,¥89.00,//img11.360buyimg.com/n7/jfs/t21121/344/571668164/128851/6048c4e1/5b111882N30400f8a.jpg
澳伯顿京东自营旗舰店,澳大利亚 澳洲原装进口牛奶 澳伯顿So Natural 全脂纯牛奶 200ml*24整箱装,¥59.00,//img11.360buyimg.com/n7/jfs/t19810/324/2083876936/450114/6278fd8c/5b4c1f8cN5941bccb.jpg
艾恩摩尔京东自营旗舰店,爱尔兰进口 艾恩摩尔（AVONMORE）全脂牛奶1L*6 整箱装,¥55.90,//img11.360buyimg.com/n7/jfs/t4906/109/2388664206/111680/8d6e2966/58ff1b7aNfcf2f1d1.jpg
兰雀牛奶京东自营旗舰店,兰雀波兰原装进口全脂纯牛奶1L*12整箱装,¥114.90,//img13.360buyimg.com/n7/jfs/t1/31336/27/8032/281364/5c9c3ce8Ef6799c52/a6d0fe774edadaa6.jpg
荷高（Globemilk）京东自营旗舰店,荷兰原装进口 荷高（Globemilk） 脱脂纯牛奶1L*6整箱装 3.7%乳蛋白,¥69.00,//img10.360buyimg.com/n7/jfs/t2800/16/1394624793/436160/25caec0c/573ecb0bNd8ca3039.jpg
澳伯顿京东自营旗舰店,澳大利亚 原装进口牛奶 澳伯顿 So Natural 全脂纯牛奶 1L*12/箱装  家庭装,¥109.00,//img14.360buyimg.com/n7/jfs/t20674/54/2289336677/352428/6719db5f/5b4c1fb8N4de34115.jpg
荷高（Globemilk）京东自营旗舰店,荷兰原装进口 荷高（Globemilk） 全脂纯牛奶200ml*24整箱装 3.6%乳蛋白,¥89.00,//img13.360buyimg.com/n7/jfs/t2734/225/1452266875/370685/813ccc76/573ec9f1N9f410ba6.jpg
甘蒂牧场京东自营旗舰店,德国进口 甘蒂牧场（MUH）牧牌 全脂纯牛奶 200ml*24盒 进口纯牛奶 整箱,¥85.00,//img14.360buyimg.com/n7/jfs/t19288/210/834616928/399782/af33360c/5aaf09e6N0d9350f9.jpg
甘蒂牧场京东自营旗舰店,德国进口 甘蒂牧场（MUH）牧牌 全脂纯牛奶 1L*12盒 进口纯牛奶 整箱,¥125.00,//img11.360buyimg.com/n7/jfs/t17977/46/829337288/337935/1f041326/5aab7ba5Ncf070599.jpg
兰雀牛奶京东自营旗舰店,兰雀Lacheer奥地利原装进口常温酸奶（原味）200g*24整箱装,¥65.00,//img11.360buyimg.com/n7/jfs/t1/17709/6/13010/294656/5c9c3d83E5ca653db/b53789ccfcb41a85.jpg
澳牧京东自营旗舰店,澳大利亚 澳牧（Australia’s Own) 儿童成长牛奶 高端全脂纯进口牛奶早餐奶 200mlx15,¥128.00,//img11.360buyimg.com/n7/jfs/t11392/183/2297695845/462131/e61e2b02/5a1535acN9b488382.jpg
中粮我买网京东自营旗舰店,中粮 上质SUNSIDES 欧诺鲜进口全脂牛奶 200mL*24（德国原装进口）,¥59.00,//img13.360buyimg.com/n7/jfs/t18553/277/631928559/267142/e286d7ba/5a9e3404Na232f5e2.jpg
哈威鲜京东自营旗舰店,澳大利亚 进口牛奶 哈威鲜(Harvey fresh)牛奶 全脂纯牛奶 1L*12盒,¥109.00,//img13.360buyimg.com/n7/jfs/t1/24884/29/1058/455000/5c0f1807Eebdfd02e/7a002411695dff84.jpg
沃尔玛京东自营官方旗舰店,【沃尔玛】德国进口 德牧牌全脂纯牛奶 早餐奶 200ML*27 新老包装随机发货,¥79.90,//img14.360buyimg.com/n7/jfs/t23002/294/1314614737/84992/678ab5c/5b5ab7c4Nffdcc395.jpg
荷兰乳牛京东自营旗舰店,法国原装进口荷兰乳牛全脂甜奶粉800克罐装,¥54.90,//img10.360buyimg.com/n7/jfs/t1/25108/26/11275/98087/5c8f13fbEd00073fe/94705638b4ce2775.jpg
澳牧京东自营旗舰店,澳大利亚 澳牧儿童成长牛奶 高端全脂纯进口牛奶早餐奶 200ml*21盒,¥159.00,//img12.360buyimg.com/n7/jfs/t1/5291/36/14109/351439/5bda7230E1017505c/91b96d0b6e67d1a1.jpg
甘蒂牧场京东自营旗舰店,德国进口 甘蒂牧场（MUH）牧牌 脱脂纯牛奶1L*12盒 整箱 进口纯牛奶,¥119.00,//img13.360buyimg.com/n7/jfs/t16888/190/887056377/228940/db54f5ee/5aaf2ee0Na18286b6.jpg
澳伯顿京东自营旗舰店,澳大利亚 澳洲原装进口牛奶 澳伯顿So Natural 脱脂纯牛奶 200ml*24整箱装 早餐牛奶,¥69.00¥59.00,//img13.360buyimg.com/n7/jfs/t22936/131/1758262696/226332/c016b559/5b6961b6N9ca496fd.jpg
荷高（Globemilk）京东自营旗舰店,荷兰原装进口 荷高（Globemilk） 全脂纯牛奶1L*6整箱装 3.6%乳蛋白,¥79.00,//img10.360buyimg.com/n7/jfs/t2626/42/1409822779/424474/d94b2659/573eca69N530eca61.jpg
乐荷京东自营旗舰店,欧盟有机认证 荷兰进口 乐荷（vecozuivel）全脂有机纯牛奶 200ml*24盒家庭装,¥209.00,//img13.360buyimg.com/n7/jfs/t17794/125/783158228/80893/5c759b15/5aaa101dN9e92e506.jpg
艾恩摩尔京东自营旗舰店,爱尔兰原装进口 艾恩摩尔（AVONMORE）低脂牛奶1L*6 整箱装 3.6g/100ml乳蛋白,¥55.90,//img11.360buyimg.com/n7/jfs/t5872/258/1258631095/140149/99e8d934/5924fb84Naaa5bf4b.jpg
艾恩摩尔京东自营旗舰店,爱尔兰进口 艾恩摩尔（AVONMORE）脱脂牛奶1L*6 整箱装,¥55.90,//img12.360buyimg.com/n7/jfs/t17431/198/772046916/288847/60c0fbee/5aa79be5N06366f08.jpg
荷兰乳牛京东自营旗舰店,法国原装进口  荷兰乳牛 全脂奶粉800克罐装,¥54.90,//img12.360buyimg.com/n7/jfs/t1/14920/39/1872/188805/5c17032dE70679caf/6b4d3c94c71cae6a.jpg
,海囤全球,¥129.00,//img12.360buyimg.com/n7/jfs/t2788/233/1650346019/147215/1e3c1f2d/57466323N019015a9.jpg
,海囤全球,¥35.00,//img14.360buyimg.com/n7/jfs/t8341/253/809687008/303338/83c465f1/59af9917Ne2aed8fa.jpg
乐荷京东自营旗舰店,欧盟有机认证 荷兰进口 乐荷（vecozuivel）全脂有机纯牛奶 1L*6盒礼盒装,¥149.00,//img11.360buyimg.com/n7/jfs/t17464/166/809108570/104647/26cd838d/5aaa0fa1Ne01e18c8.jpg
乐荷京东自营旗舰店,欧盟有机认证 荷兰进口 乐荷（vecozuivel）全脂有机纯牛奶 200ml*12盒礼盒装,¥119.00,//img14.360buyimg.com/n7/jfs/t1/30336/25/10153/191206/5cad501dE1df17805/f0d7008cbd8412ff.jpg
多美鲜京东自营旗舰店,德国原装进口 多美鲜（SUKI）蓝莓果粒脱脂酸奶 100g*12 礼盒,¥49.00,//img10.360buyimg.com/n7/jfs/t1/8159/2/13955/271903/5c4fcc37E7bedf229/82ce6d90bd3ea6f6.jpg
澳牧京东自营旗舰店,澳大利亚 澳牧(Australia’s Own) 儿童成长牛奶礼盒 高端全脂纯进口牛奶 200ml*12,¥115.00,//img14.360buyimg.com/n7/jfs/t14398/281/1003456109/468475/47d67fc0/5a40bc04N11d15e7d.jpg
多美鲜京东自营旗舰店,德国原装进口 多美鲜（SUKI）原味酸奶 100g*12 礼盒,¥49.00,//img14.360buyimg.com/n7/jfs/t1/31312/17/1474/282136/5c4e9617E4a820d7d/9da5fd2efb6fe02f.jpg
,中粮 上质SUNSIDES 欧诺鲜 法国进口无乳糖 零乳糖 低脂型牛奶 200mL*24,¥109.00,//img11.360buyimg.com/n7/jfs/t21562/222/1563311308/107932/76bc74c/5b2c9226N38dab282.jpg
德质京东自营旗舰店,德国原装进口 德质 高品质玻璃瓶装 全脂纯牛奶 490ml*6瓶/箱,¥109.00,//img14.360buyimg.com/n7/jfs/t13714/238/2520669706/152752/b88baa8a/5a4315ddN3064be3a.jpg
宾格瑞牛奶京东自营旗舰店,韩国进口 宾格瑞（BINGGRAE）香蕉味牛奶饮料200ml*6,¥30.80,//img14.360buyimg.com/n7/jfs/t17548/184/831183065/151651/f577663a/5aab5cf6N553b97a1.jpg
尼平河（NEPEAN RIVER DAIRY）京东自营旗舰店,尼平河 (NEPEAN RIVER DAIRY)澳大利亚进口全脂纯牛奶200ml*24盒 整箱装-国际版,¥54.90,//img10.360buyimg.com/n7/jfs/t1/9299/9/1474/315168/5bce7e65E3c21046c/99de8b3159a7edd2.jpg
荷兰乳牛京东自营旗舰店,荷兰乳牛 学生配方奶粉 400g袋装（新老包装随机发货）,¥29.90,//img11.360buyimg.com/n7/jfs/t10228/274/2512413290/309344/112f6bb6/59f827d6N5721978b.jpg
宾格瑞牛奶京东自营旗舰店,韩国进口 宾格瑞（BINGGRAE）草莓味牛奶饮料200ml*6,¥30.80,//img12.360buyimg.com/n7/jfs/t18613/337/869566131/123543/973555ba/5aab5c24N32bba68b.jpg
安佳牛奶京东自营旗舰店,新西兰原装进口 安佳（Anchor）轻欣纯牛奶 超高温灭菌脱脂牛奶250*24原箱装,¥89.00,//img11.360buyimg.com/n7/jfs/t18874/277/837890434/277883/31f89067/5aab7515N81154c2b.jpg
德亚牛奶京东自营旗舰店,德国原装进口酸奶 德亚（Weidendorf）常温原味酸牛奶200ml*15盒 整箱装,¥56.00,//img13.360buyimg.com/n7/jfs/t20695/93/2018796018/522448/303da002/5b441559N7ea40173.jpg
德亚牛奶京东自营旗舰店,德国原装进口牛奶 德亚（Weidendorf）全脂纯牛奶 1L*12盒 整箱装,¥109.90,//img10.360buyimg.com/n7/jfs/t22084/267/2298002970/321430/767a789f/5b4db5b1N573812e8.jpg
